Test,DR,Clas,Acc,Pre,Rec,F1,script
0.2,PCA2,KNN,0.9714,0.97,0.9714,0.9706,Test_0.2_DR_PCA2_KNN
0.2,PCA10,DT,0.988,0.9881,0.988,0.9881,Test_0.2_DR_PCA10_DT
0.2,PCA2,LR,0.8751,0.8485,0.8751,0.8588,Test_0.2_DR_PCA2_LR
0.2,PCA10,KNN,0.9837,0.9829,0.9837,0.9832,Test_0.2_DR_PCA10_KNN
0.2,PCA2,RF,0.9731,0.9728,0.9731,0.9729,Test_0.2_DR_PCA2_RF
0.2,PCA10,LR,0.8765,0.8611,0.8765,0.8632,Test_0.2_DR_PCA10_LR
0.2,PCA10,RF,0.9914,0.9914,0.9914,0.9913,Test_0.2_DR_PCA10_RF
0.2,PCA4,KNN,0.9805,0.9791,0.9805,0.9797,Test_0.2_DR_PCA4_KNN
0.2,PCA10,XGB,0.989,0.989,0.989,0.9889,Test_0.2_DR_PCA10_XGB
0.2,PCA2,DT,0.9664,0.9665,0.9664,0.9663,Test_0.2_DR_PCA2_DT
0.2,PCA2,XGB,0.9595,0.9577,0.9595,0.9581,Test_0.2_DR_PCA2_XGB
0.2,PCA4,DT,0.9801,0.9801,0.9801,0.98,Test_0.2_DR_PCA4_DT
0.2,PCA4,LR,0.8698,0.8422,0.8698,0.8537,Test_0.2_DR_PCA4_LR
0.2,PCA4,RF,0.985,0.985,0.985,0.9849,Test_0.2_DR_PCA4_RF
0.2,PCA4,XGB,0.9765,0.9758,0.9765,0.9757,Test_0.2_DR_PCA4_XGB
0.2,PCA6,DT,0.9861,0.9861,0.9861,0.9861,Test_0.2_DR_PCA6_DT
0.2,PCA6,KNN,0.9826,0.9816,0.9826,0.9819,Test_0.2_DR_PCA6_KNN
0.2,PCA6,LR,0.876,0.8598,0.876,0.8623,Test_0.2_DR_PCA6_LR
0.2,PCA6,RF,0.9892,0.9892,0.9892,0.9891,Test_0.2_DR_PCA6_RF
0.2,PCA6,XGB,0.9847,0.9843,0.9847,0.9843,Test_0.2_DR_PCA6_XGB
0.2,PCA8,DT,0.9877,0.9878,0.9877,0.9877,Test_0.2_DR_PCA8_DT
0.2,PCA8,KNN,0.9825,0.9815,0.9825,0.9819,Test_0.2_DR_PCA8_KNN
0.2,PCA8,LR,0.8758,0.8605,0.8758,0.8627,Test_0.2_DR_PCA8_LR
0.2,PCA8,RF,0.9906,0.9905,0.9906,0.9905,Test_0.2_DR_PCA8_RF
0.2,PCA8,XGB,0.9858,0.9855,0.9858,0.9855,Test_0.2_DR_PCA8_XGB
0.4,PCA10,DT,0.9858,0.9859,0.9858,0.9858,Test_0.4_DR_PCA10_DT
0.4,PCA10,KNN,0.9816,0.9808,0.9816,0.981,Test_0.4_DR_PCA10_KNN
0.4,PCA10,LR,0.8748,0.8588,0.8748,0.8611,Test_0.4_DR_PCA10_LR
0.4,PCA10,RF,0.9899,0.9898,0.9899,0.9897,Test_0.4_DR_PCA10_RF
0.4,PCA10,XGB,0.9882,0.9879,0.9882,0.988,Test_0.4_DR_PCA10_XGB
0.4,PCA2,DT,0.9647,0.9645,0.9647,0.9645,Test_0.4_DR_PCA2_DT
0.4,PCA2,KNN,0.97,0.9685,0.97,0.969,Test_0.4_DR_PCA2_KNN
0.4,PCA2,LR,0.8724,0.8451,0.8724,0.8558,Test_0.4_DR_PCA2_LR
0.4,PCA2,RF,0.9707,0.9704,0.9707,0.9704,Test_0.4_DR_PCA2_RF
0.4,PCA2,XGB,0.9592,0.9575,0.9592,0.9575,Test_0.4_DR_PCA2_XGB
0.4,PCA4,DT,0.9809,0.9809,0.9809,0.9808,Test_0.4_DR_PCA4_DT
0.4,PCA4,KNN,0.9782,0.9767,0.9782,0.9772,Test_0.4_DR_PCA4_KNN
0.4,PCA4,LR,0.8708,0.8444,0.8708,0.8549,Test_0.4_DR_PCA4_LR
0.4,PCA4,RF,0.9851,0.9851,0.9851,0.985,Test_0.4_DR_PCA4_RF
0.4,PCA4,XGB,0.9778,0.9773,0.9778,0.9771,Test_0.4_DR_PCA4_XGB
0.4,PCA6,DT,0.9843,0.9844,0.9843,0.9843,Test_0.4_DR_PCA6_DT
0.4,PCA6,KNN,0.9803,0.9791,0.9803,0.9795,Test_0.4_DR_PCA6_KNN
0.4,PCA6,LR,0.8742,0.8576,0.8742,0.8603,Test_0.4_DR_PCA6_LR
0.4,PCA6,RF,0.988,0.988,0.988,0.9879,Test_0.4_DR_PCA6_RF
0.4,PCA6,XGB,0.9833,0.9829,0.9833,0.9829,Test_0.4_DR_PCA6_XGB
0.4,PCA8,DT,0.9854,0.9854,0.9854,0.9853,Test_0.4_DR_PCA8_DT
0.4,PCA8,KNN,0.9801,0.9792,0.9801,0.9793,Test_0.4_DR_PCA8_KNN
0.4,PCA8,LR,0.8737,0.8577,0.8737,0.8601,Test_0.4_DR_PCA8_LR
0.4,PCA8,RF,0.9887,0.9888,0.9887,0.9886,Test_0.4_DR_PCA8_RF
0.4,PCA8,XGB,0.9852,0.9848,0.9852,0.9848,Test_0.4_DR_PCA8_XGB
0.6,PCA10,DT,0.9857,0.9857,0.9857,0.9856,Test_0.6_DR_PCA10_DT
0.6,PCA10,KNN,0.9786,0.9774,0.9786,0.9778,Test_0.6_DR_PCA10_KNN
0.6,PCA10,LR,0.8766,0.8599,0.8766,0.8629,Test_0.6_DR_PCA10_LR
0.6,PCA10,RF,0.9894,0.9892,0.9894,0.9893,Test_0.6_DR_PCA10_RF
0.6,PCA10,XGB,0.9876,0.9873,0.9876,0.9874,Test_0.6_DR_PCA10_XGB
0.6,PCA2,KNN,0.9675,0.9657,0.9675,0.9663,Test_0.6_DR_PCA2_KNN
0.6,PCA2,LR,0.8728,0.8454,0.8728,0.8562,Test_0.6_DR_PCA2_LR
0.6,PCA2,RF,0.9681,0.9675,0.9681,0.9676,Test_0.6_DR_PCA2_RF
0.6,PCA2,XGB,0.9586,0.957,0.9586,0.9571,Test_0.6_DR_PCA2_XGB
0.6,PCA4,DT,0.9781,0.9781,0.9781,0.9781,Test_0.6_DR_PCA4_DT
0.6,PCA4,KNN,0.9746,0.9732,0.9746,0.9737,Test_0.6_DR_PCA4_KNN
0.6,PCA4,LR,0.8723,0.8455,0.8723,0.8562,Test_0.6_DR_PCA4_LR
0.6,PCA4,RF,0.9826,0.9823,0.9826,0.9824,Test_0.6_DR_PCA4_RF
0.6,PCA4,XGB,0.9761,0.9753,0.9761,0.9754,Test_0.6_DR_PCA4_XGB
0.6,PCA6,DT,0.9817,0.9817,0.9817,0.9817,Test_0.6_DR_PCA6_DT
0.6,PCA6,KNN,0.9767,0.9756,0.9767,0.9759,Test_0.6_DR_PCA6_KNN
0.6,PCA6,LR,0.8755,0.859,0.8755,0.8618,Test_0.6_DR_PCA6_LR
0.6,PCA6,RF,0.9865,0.9863,0.9865,0.9863,Test_0.6_DR_PCA6_RF
0.6,PCA6,XGB,0.9824,0.982,0.9824,0.9821,Test_0.6_DR_PCA6_XGB
0.6,PCA8,DT,0.9842,0.9842,0.9842,0.9842,Test_0.6_DR_PCA8_DT
0.6,PCA8,KNN,0.9771,0.9759,0.9771,0.9762,Test_0.6_DR_PCA8_KNN
0.6,PCA8,LR,0.8759,0.8596,0.8759,0.8622,Test_0.6_DR_PCA8_LR
0.6,PCA8,RF,0.9881,0.9879,0.9881,0.9879,Test_0.6_DR_PCA8_RF
0.6,PCA8,XGB,0.9852,0.9848,0.9852,0.9848,Test_0.6_DR_PCA8_XGB
0.6,PCA2,DT,0.9614,0.9614,0.9614,0.9612,Test_0.6_DR_PCA2_DT
